bladnr,dsm_5_size,dtm_5_size,dsm_05_size,dtm_05_size,laz_size
01cz1,609238,607278,55942495,51866383,314074841
01cz2,1745086,1729789,161842387,150709965,1056518374
01dz1,2382845,2358599,220118700,207514671,1407176770
01dz2,2282611,2277251,210534102,199851633,1124388072
01gn1,163627,163586,13841079,13747020,86000640
01gn2,24568,24534,1598876,1595462,15941463
01gz1,1610591,1607386,146934907,141000273,709753968
01gz2,126998,126956,10911686,10692706,66316412
01hn1,1806827,1777794,156818801,146561147,862615930
01hn2,1600051,1576820,138151165,127700491,670642193
01hz1,1157716,1143075,98397410,95293761,373401736
01hz2,441722,435906,36764215,35805865,138688704
02cn1,1663662,1618279,143124276,128860464,614938704
02cn2,1378785,1376530,118145113,113494603,431301846
02cz1,230013,227270,19292362,18860277,83802383
02cz2,473903,472106,40941941,40225255,168562670
02dn1,784900,784832,63980432,62659721,225399573
02dz1,868230,862054,77120043,75947504,386310577
02dz2,1534243,1520009,136331753,133551189,560688284
02ez1,13402,13405,696204,696092,17131356
02ez2,539584,538589,45300797,42730217,185800836
02fz1,1002344,1000641,82961911,79034721,260261417
02fz2,1213606,1213912,97891291,97004546,297197094
02gn1,996972,996899,81680431,80948245,303304383
02gn2,2281809,2245431,204007222,185554878,1273723542
02gz1,1824016,1813269,157645645,154507392,560644543
02gz2,1026725,999963,84347950,77432536,605857833
02hn1,1109202,1107996,95139865,88491117,295655986
02hn2,46437,46432,3416247,3378703,8074075
02hz1,2203625,2151257,162979300,141331153,1517828443
02hz2,2086247,2071778,139064919,135963716,890195695
03az1,842403,842113,66691592,66665818,209921771
03cn1,18024,18022,1054184,1054104,2736675
03cz1,3256219,3210310,226943875,220762025,1092630966
03cz2,3826332,3776885,265835575,259532683,1274769476
03dn1,236646,236732,14245961,14208667,72897837
03dn2,1269662,1254657,85712620,84444982,397644156
03dz1,4232411,4164870,294100124,285107054,1444449707
03dz2,4331821,4239931,301064845,288918431,1473454181
03gn1,2286041,2268590,149631370,147473009,748853103
03gn2,2341849,2315881,155505865,152531326,819906210
03gz1,4357391,4173115,310282091,285539543,1676526750
03gz2,4318294,4246916,288352398,278887384,1560741078
03hn1,1148277,1035722,84802406,73881454,549277702
03hz1,4075966,3980180,275952368,263175222,1512081066
03hz2,47618,47597,3208402,3208120,35917498
04dn2,144765,144795,11086416,11086453,38615676
04dz2,875068,858715,67556291,65471505,463925878
04ez2,556101,553282,49950805,46510228,202082554
04fn2,168924,168846,14187249,14181978,79070231
04fz1,1381495,1360501,126853569,113463998,861802810
04fz2,151901,149156,13142385,12021493,53672001
04gn1,1761545,1761310,138087155,137005922,423054733
04gn2,985734,975162,86312183,77011281,359860673
04gz1,427882,427527,32820697,32705472,145643459
05an1,2494562,2453070,231985740,211524344,2069221385
05an2,1184689,1164497,108344208,102987691,705554017
05bn1,258601,258496,22915480,22815709,101256579
05dn2,127897,127541,10290603,10170685,29881046
05dz2,2228670,2042000,194641517,167562666,769489024
05ez2,1512334,1494798,134464857,131098878,1009567502
05fn1,19694,19691,1154350,1154085,2398383
05fn2,1035607,1035327,83581636,82708595,228711747
05fz1,3722966,3664710,320199734,309336180,1043840682
05fz2,4390887,4337017,371975798,361886325,1133844842
05gn1,2461458,2421234,210337368,202611646,663301828
05gn2,4451227,4370783,381237313,365564842,1242188336
05gz1,4496656,4378052,391230896,370144214,1396193580
05gz2,4497187,4355803,383522306,361596158,1209616596
05hn1,4428591,4316563,373386565,349500654,1214247558
05hn2,4449104,4369350,375428037,361289465,1208250092
05hz1,4487662,4397390,384690860,368499003,1255925516
05hz2,4459154,4358995,373825899,357274855,1133566846
06an1,2852414,2825241,243421139,237965305,850876339
06an2,4362322,4308968,381636249,371519333,1395416685
06az1,4524608,4434866,383095468,368554591,1166628267
06az2,4511285,4450256,382058761,372236968,1129392046
06bn1,4501395,4436385,382900828,371761990,1200707315
06bn2,4522871,4444819,389477843,367432871,1168788377
06bz1,4371795,4275801,366398611,348802502,1200030521
06bz2,4452760,4246602,379298721,337527448,1352612758
06cn1,4491797,4355997,381443696,355113235,1324177365
06cn2,4204146,4074354,357558512,330977486,1432022061
06cz1,4353514,3719008,378648496,293071705,1514056890
06cz2,4060617,3843352,349506826,314764678,1433703113
06dn1,4290598,4172980,361800325,334699243,1283814793
06dn2,4461800,4248469,385489804,336316795,1578465180
06dz1,4229469,4092033,360222100,332566983,1326380056
06dz2,3780878,3594952,325509046,285833597,1470277023
06en1,4468978,4411615,376614217,365373875,1155396833
06en2,3010982,2935969,247974779,223148410,1367999814
06ez1,4453138,4381334,370767546,354063918,1103820109
06ez2,4405359,4306120,378910401,360649905,1589113281
06fn1,3704821,3636198,259736094,232124510,1703011975
06fn2,4278623,4181216,299748552,286430142,1410468681
06fz1,4417754,4369470,367934027,358301137,1349569518
06fz2,4249772,4193494,312502003,304557293,1413530544
06gn1,4373064,4248016,378245740,338836241,1746008023
06gn2,4478228,4357575,396838139,373677558,1782163148
06gz1,4262966,4098563,367141489,328676381,1596002399
06gz2,4430101,4249601,403356515,367474676,2296105819
06hn1,4485589,4403031,376283707,362376321,1417772744
06hn2,4389808,4238429,316440081,295365742,1462310751
06hz1,4484717,4361517,381331499,354879602,1868190816
06hz2,4445835,4320396,334239869,312556629,1601945212
07an1,4372807,4276529,303972133,290802291,1401319629
07an2,4385042,4292749,307208004,294801961,1416343924
07az1,4362368,4296046,307189989,299186155,1311482510
07az2,4398153,4322634,308124411,298881231,1295341680
07bn1,4479116,4332177,306770094,289296195,1396808640
07bn2,4502260,4392505,302371474,288367162,1362799582
07bz1,4470190,4374400,302682430,291090864,1335850539
07bz2,4303558,4119713,298285051,278064998,1446676508
07cn1,4388889,4231740,314322576,294653050,1507427251
07cn2,4392059,4221275,309890552,290735661,1371069527
07cz1,4207224,3941186,311375083,274798961,1757704912
07cz2,4072992,3908943,294623271,267947753,1711107062
07dn1,4307074,3623806,332975755,258216126,1997366548
07dn2,4174294,3725686,315635899,261659022,1937661571
07dz1,3748650,3212361,294821986,227059312,1953948712
07dz2,4359534,3883895,332894652,273712495,1881175090
07en1,4493817,4427849,300458047,291097999,1359324198
07en2,4470760,4357588,303610229,287592445,1567692970
07ez1,4412955,4278991,300083419,283661967,1552097267
07ez2,4217261,4117514,291565267,278419760,1392906078
07fn1,4522351,4399683,306368904,290294540,1625246744
07fn2,1703157,1529653,129893158,107544127,843088732
07fz1,3937078,3745861,283711216,258561648,1376869568
07fz2,4247596,4045683,302004972,279677939,1440356909
07gn1,4131195,4014130,288968736,272456918,1396081025
07gn2,3929108,3778844,279144059,257819926,1400600012
07gz1,3700281,3466460,272270109,242473424,1487853203
07gz2,4407528,3991373,322046636,271945016,1881519818
07hn1,4408061,4263147,311656424,289222589,1642006503
07hn2,4113054,4016641,283277113,269295683,1472825699
07hz1,4376040,4174495,308384456,280527389,1685492307
07hz2,4296973,4249303,287717811,280591157,1366182461
08an1,51942,51900,3609491,3574241,22656882
08az1,3917947,3787922,277889918,259348069,1658112294
08az2,2454854,2437577,160239496,157252834,858357327
08bz1,12311,12312,922182,922186,10052997
08cn1,4420241,4369942,284868722,277941600,1332827690
08cn2,4331734,4297573,269522959,265724583,1301922606
08cz1,4040391,3824694,300375709,265137817,1816911002
08cz2,3789044,3593774,287751215,252314990,1830436450
08dn1,3273476,3242152,213460303,208831759,1202158415
08dn2,1052528,1043562,69432651,67836116,364492334
08dz1,4423026,4368815,288505951,280864410,1392279923
08dz2,1262190,1216701,92065189,82241469,746635347
09az2,11360,11360,804687,804016,9125591
09bn1,465832,458740,36244720,34818037,290996095
09bn2,2321041,2225238,189553839,178952689,1819988236
09bz1,2434782,2244683,200072181,170154456,2185238062
09bz2,2388147,2255683,190824998,176385270,1709645639
09cn2,321541,321380,22368274,22284926,173614222
09cz2,536994,537002,37479903,37450185,413461656
09dn1,2517075,2453391,202612144,193805521,1823728883
09dn2,1017958,971797,75984010,70554379,618328075
09dz1,1539049,1225417,125273777,88800347,1928032200
09dz2,143391,113636,9962110,7598294,130657043
09en1,1112649,1072462,87908001,84020293,843277824
09ez1,783979,755811,59811124,56569224,527668662
09hn2,26794,26736,1964589,1945650,12540938
09hz1,114367,111382,9399292,8979697,61555034
09hz2,104016,103703,8758637,8633885,45389018
10az2,81227,81022,6953545,6884220,38304801
10bn1,57990,57949,4709025,4694007,18490488
10bn2,3515904,3468546,306276274,297350609,1152459093
10bz1,779514,758359,70364085,61582941,402931630
10bz2,4410340,4316368,377915879,362646282,1323015744
10cn1,153793,151617,13580704,13222518,91696860
10cn2,44814,44746,3573844,3552524,13129300
10dn1,69077,63841,5751782,4674325,26808899
10dn2,3737115,3686438,312532783,301662261,1071468335
10dz2,3347819,3243087,285320573,268328845,991075062
10en1,4553450,4488922,385357529,374287526,1115002633
10en2,4567805,4492247,385094578,373373867,1101692582
10ez1,4531834,4376529,385039191,361508102,1196155981
10ez2,4560068,4493486,382260842,371805034,1101178766
10fn1,4516774,4447306,379434098,368739192,1090765409
10fn2,4511826,4445213,377786496,366925981,1097465104
10fz1,4540990,4462696,384643087,372513304,1119776336
10fz2,4418378,4337850,369212298,356952085,1107597022
10gn1,4182833,4117255,346874791,337255876,1023753352
10gn2,4157860,4089907,348253688,337364135,1043367794
10gz1,3394156,3311846,281547598,271003585,955025273
10gz2,2724345,2629323,227315501,214456317,898404724
10hn1,4016828,3631865,344600310,288700079,1282817616
10hn2,3003824,2854610,249244906,227477081,985452984
10hz1,3983295,3849366,331711035,312943473,1049357763
10hz2,3402221,3269867,286018469,265119942,1070199996
11an1,4513582,4438538,378473993,365874578,1143137277
11an2,3723210,3600258,317045382,296456621,1254710597
11az1,4292200,4169620,361126331,342152394,1177650506
11az2,3774286,3639320,321169933,300463201,1257809160
11bn1,3605111,3425299,307494362,272163762,1405383399
11bn2,4203292,4074682,357022823,331014048,1359728680
11bz1,4111903,4022831,339133992,324707658,1140121297
11bz2,4304218,4175882,362577872,337622969,1424267721
11cn1,3377931,3245866,279562381,260418689,1011533494
11cn2,4103963,3956689,346989421,326130906,1306735580
11cz1,4354094,4135534,370713093,332007739,1338177986
11cz2,4177932,3970189,362698811,331602718,1494465380
11dn1,4116092,3958898,340970877,315744871,1318451145
11dn2,4356071,4222295,366676453,342669418,1349175023
11dz1,4397209,4013002,385618138,319724242,1726208898
11dz2,4482075,4316994,393374316,354049698,1857519326
11en1,4186598,3814896,361652286,301248244,1593520157
11en2,4160773,4015369,357786629,331129710,2203324132
11ez1,4424782,4133991,399626004,326633513,2610887950
11ez2,4287717,4172806,375126925,349457067,2193631544
11fn1,4239952,4031070,322664216,292688475,1753463931
11fn2,4255803,4071629,316625024,288491023,2066923039
11fz1,4251141,4023830,358830921,304562668,2164241953
11fz2,4243248,4054716,340475128,306098752,1991170555
11gn1,4403355,4186475,383167628,333858067,1783642847
11gn2,4256559,4107056,368893211,341220159,2328981225
11gz1,4392023,4257334,378713395,345071426,1900049190
11gz2,4270119,4154175,379747409,355025260,2775316022
11hn1,4263900,4117468,349611634,320873568,1682289005
11hn2,4185550,4031769,326893511,297114333,1497396472
11hz1,4272713,4133771,357245032,328552648,2140743260
11hz2,4212172,3975551,354332539,298065380,2477757083
12an1,4267049,3896850,329780339,279120565,2356275643
12an2,4334657,4101821,328940928,290702193,2008686688
12az1,4202670,4008736,312720887,280567528,2148294393
12az2,4238139,3947049,327479110,277433396,2623642508
12bn1,4353810,4150040,322871762,290562626,1846366208
12bn2,4262473,4080639,324111631,288268938,2284130969
12bz1,4213753,4067392,312891969,284737375,2103930050
12bz2,4220638,4027129,322229713,287878887,2442170727
12cn1,3934264,3708358,310396130,261064776,2176880227
12cn2,4008325,3821995,300382369,267243388,2288644504
12cz1,4018450,3870311,319429520,281266079,1912422093
12cz2,4036318,3820298,297725530,267057827,1856434968
12dn1,4077175,3569114,320220414,257630320,2300210771
12dn2,4200278,3974584,323633297,285464707,2172517343
12dz1,4077489,3872349,316828864,278940092,2469192570
12dz2,4129165,4004497,307973454,281071669,2331986385
12en1,3385200,3229831,249145672,223072369,1647385559
12en2,4296914,4148067,304788210,284888372,1685352419
12ez1,4322520,4086594,338692608,290320421,2806795148
12ez2,4294859,4224128,303150568,291978693,1514724498
12fn1,4245836,3949120,313052863,273435063,2046019851
12fn2,4342262,4131525,308656887,282359662,1628575903
12fz1,4117667,3905663,296837405,271398476,1633263454
12fz2,4098154,3969396,286870624,270524584,1481881896
12gn1,4179281,4021211,321739073,287895840,2414865748
12gn2,4220140,4041227,322985682,288596189,2241609571
12gz1,4101093,3845682,320035972,273015811,2708053840
12gz2,4114477,3675254,351233450,270019649,3541839657
12hn1,4179625,4049438,302534299,284040780,1690166704
12hn2,4148026,3888399,304351637,272301215,1828599180
12hz1,4188123,4097966,307976557,292235506,1764425825
12hz2,4120205,3971760,294155100,276060560,1591968280
13an1,4487183,4231915,322911392,285950034,2011913406
13an2,4421074,4174152,308844270,277155356,1696868154
13az1,4223020,4069108,304398990,282418008,1693544365
13az2,4337870,4217707,309520180,287932958,1864261674
13bn1,4455631,4360895,296090252,279789745,1690769120
13bn2,717068,701962,49870134,45838631,328531145
13bz1,4258865,4135674,296549991,275391050,1940605569
13bz2,1434067,1412869,95432304,92114704,510382170
13cn1,4111068,3871656,307559015,272883954,2032401306
13cn2,4169334,4070539,295926551,280237844,1689387467
13cz1,4158463,3875961,300075944,267919145,1610433997
13cz2,4022861,3888238,284186200,264203780,1731284598
13dn1,4151109,4002972,297376345,275196971,1910810495
13dn2,1856864,1815409,126683351,120622293,733927357
13dz1,4143309,3965971,307433865,274172795,2498245910
13dz2,697968,693580,46048673,45505582,229132770
14an2,408302,407347,30239360,30057290,216852645
14az2,1013291,950226,80060078,71399971,585111447
14bn1,2368906,2032753,207264018,173645315,2067198150
14bn2,1116324,1000305,95466656,85171018,1071162345
14bz1,2179490,1998196,193664349,179183192,1598320413
14bz2,2379338,2171802,199349422,178466821,1779192081
14cn2,1828336,1714664,152748416,139305566,1559302258
14cz1,344107,343330,24972534,24790443,225936816
14cz2,2564774,2440112,208910041,192873245,1957663597
14dn1,2402105,2163587,199315231,177384101,1729050294
14dn2,2376259,2166262,195125096,174736572,1701597459
14dz1,2438204,2140690,199991810,172569316,1760946334
14dz2,2453194,2187593,199560500,174191946,1864993840
14en1,560922,536631,41620790,37584854,566908042
14en2,2294249,2174871,179255053,165483605,1905675431
14ez1,2118082,2015270,170028401,160696129,1541012875
14ez2,2242748,2083598,184674733,172231000,1685175753
14fn1,1808082,1521175,155522310,119849464,2237605068
14fz1,2309689,2075565,193721903,173514579,1696323072
14fz2,527636,512856,40611621,39180980,316030600
14gn1,2339623,2232672,189315719,179215204,1737787318
14gn2,2180208,2017919,184732342,171316122,1676878316
14gz1,2497073,2222209,203075744,177539490,1859446152
14gz2,2361862,2218424,187992197,175752184,1563255256
14hn1,2306049,2055277,196602979,170247606,1868681205
14hn2,627730,585780,49088976,44445930,408433855
14hz1,2511698,2305100,199315174,179798607,1627845705
14hz2,1975242,1712419,157174284,130630607,1345942734
15bn1,547070,527602,45163545,41982143,142111273
15bn2,3449909,3351426,291230535,274423843,999062800
15bz1,275650,266061,23797369,22511303,109939378
15bz2,2265068,2213889,194541412,184732991,699127897
15cz1,1759989,1450065,144330043,113344399,1328963731
15cz2,1044930,899201,82448463,67992182,716685820
15en1,3155294,3059790,258956141,243488374,898677271
15en2,3891069,3759548,329184384,300682448,1296205134
15ez1,2855744,2782577,247811911,222650629,1308889076
15ez2,3218891,3104592,279202513,244570861,1388750663
15fn1,3061541,2984968,254845789,241794881,877472215
15fn2,3950467,3812825,330120836,304916407,1190514713
15fz1,2317151,2263978,190527803,182075281,549788529
15fz2,3611456,3403103,288154686,259040981,1012644201
15gn2,64638,63904,4680272,4623751,21971254
15gz2,798288,773238,55578794,52802172,323879523
15hn1,3034169,2954780,200313027,190877524,1032304831
15hn2,4031927,3885595,270021890,252347202,1480840411
15hz1,3915168,3797181,263284986,248631194,1543253321
15hz2,3987443,3794437,274946774,251994185,1551076713
16an1,2130485,2074865,176119448,165316661,689399233
16an2,3956278,3815854,336977514,309621799,1308414835
16az1,4086694,3992092,335259051,319277615,960577292
16az2,3980336,3777713,329803910,296130649,1239972151
16bn1,4399161,4285054,364152133,344489928,1171570046
16bn2,4423782,4262600,375731194,343929738,1388644404
16bz1,4198001,4051308,339760164,315621364,1148105598
16bz2,4303873,4089676,374139717,327218420,1471687207
16cn1,4301095,4008374,330103719,278477166,2108427815
16cn2,4229022,4116318,308441057,292084050,1517123960
16cz1,4012240,3862091,274026342,256160333,1490419069
16cz2,4181010,3935663,288922347,257490766,1583030470
16dn1,4211167,3966364,322351141,264080403,2229230981
16dn2,4228954,4037964,321099485,288724778,2108180788
16dz1,4312322,4192906,290399143,272034991,1506613957
16dz2,3995671,3832572,291096004,263072756,1854253530
16en1,4424048,4312710,377611415,347399179,1554154256
16en2,4299822,4145130,381270012,349846320,2327678075
16ez1,4382834,4181756,365334502,325119284,2091132773
16ez2,4303113,4085738,332829789,295783513,2649086339
16fn1,4227834,3963588,346265613,299206733,2891742485
16fn2,4148935,3817877,352773352,279476409,3836723950
16fz1,4242724,4091658,312751892,286162858,2393934860
16fz2,4232968,3992925,327204696,281853834,2883745414
16gn1,4319524,4017491,330259900,287890945,2281343816
16gn2,4330604,4135194,326998096,294216735,2328860060
16gz1,3869327,3690190,276976936,253417839,1782059374
16gz2,4479124,4358584,315151220,297372874,1865498134
16hn1,4284922,4095687,344502520,298946747,3369368580
16hn2,4226595,4059973,314857452,284842494,2217124926
16hz1,4310880,4182517,313734788,294509050,1972992427
16hz2,4218227,4114310,309052174,289947065,1798546974
17an1,3974168,3731200,308438474,264959095,2512530695
17an2,3959415,3825990,295091090,270605782,2009039816
17az1,4105937,3960491,302634570,275958597,1966261112
17az2,3972296,3747520,304591029,265624456,2156791526
17bn1,4109860,3922868,316265405,279490977,2440026140
17bn2,4119244,3768690,331641429,269206066,3061952888
17bz1,4079565,3869320,303550176,272359734,1864803388
17bz2,4015309,3849880,301389496,273074185,1937256262
17cn1,3969724,3798459,310554448,268422583,2508186277
17cn2,3998625,3823895,304639225,269440030,2182350151
17cz1,4221882,3929195,332640796,276622958,2908549465
17cz2,4070535,3627596,311720688,258269876,2085922341
17dn1,4049580,3884454,300727644,272247580,1976972584
17dn2,3991809,3838487,300066211,270230246,2065088455
17dz1,4054378,3698508,311352588,261964990,2263146623
17dz2,4049038,3891527,299376427,271715263,2366806517
17en1,4123109,3646296,346284152,265254351,3414690035
17en2,3967913,3806462,296976708,268696776,2104326254
17ez1,3955111,3774691,296771275,267093548,2277820310
17ez2,4096426,3824160,329314662,274654494,3145083868
17fn1,4180061,3932353,338333802,286722775,2938598986
17fn2,4017519,3922534,284489306,270120381,1567071813
17fz1,4106980,3837552,326785081,276642507,2692199193
17fz2,4109938,3938163,312850627,281000385,2352789608
17gn1,4012060,3822213,307284041,270620555,2517208873
17gn2,4094534,3920311,310818914,275395408,2332618062
17gz1,4061843,3923375,300416191,272760107,2009405144
17gz2,4061390,3975675,290530434,273662866,1716734675
17hn1,4084358,3907959,309041875,274467788,2186939871
17hn2,4190331,3501772,351721978,258890899,3091930408
17hz1,4056036,3845208,300763420,269221112,1758646176
17hz2,3918327,3532303,298671605,252594402,1829993056
18an1,3943929,3843247,278638160,266079081,1438361123
18an2,4050775,3781594,299182425,261694249,2238540253
18az1,3953474,3836824,279973549,265678635,1497485398
18az2,3660155,3524188,262244024,242369716,1781381473
18bn1,2192821,2147616,156582328,146912428,1122652661
18bz1,96671,94583,7533367,6786549,68378558
18cn1,4013072,3807110,305018453,270156686,2540636290
18cn2,2751397,2635450,195387441,180963067,1237441663
18cz1,4015690,3658891,312463910,263867738,2211305140
18cz2,2497426,2350466,186344797,168826924,1289414508
19an1,887445,875441,72138064,67981697,769211753
19an2,3274617,2957206,289613987,230641016,3940686148
19az1,1451118,1417127,118249442,110807852,1033787954
19az2,2761539,2413731,225810603,185390013,2442121825
19bn1,2563335,2210021,208841777,172467742,2072800989
19bn2,2849401,2106932,237182058,160960417,2348668738
19bz1,2921600,2221599,239360643,165673113,2522846842
19bz2,2425405,2126745,202291967,174191182,1821901457
19cn1,1960632,1781834,171517699,143431261,2384745377
19cn2,2829862,2385415,230998598,178079607,2562483754
19cz1,2702384,2398461,232570496,188616047,3265984595
19cz2,2866511,2310918,237281386,174350294,2243032801
19dn1,2188271,2036648,170232256,155247602,1640579528
19dn2,2346489,2170924,183438451,167059377,1691224945
19dz1,2389790,1972246,190388967,150621988,1700084945
19dz2,2206930,2000173,176457985,157112887,1499176994
19en1,2419605,2165464,193391615,170421399,1832642096
19en2,2469972,2241001,196805756,175815665,1709893728
19ez1,2395258,2180902,190846425,172092074,1777858496
19ez2,2437887,2192920,195534638,172964980,1813761428
19fn1,2733410,2272902,227561842,178039524,2130815237
19fn2,2583464,2272810,212122264,181471243,1793012977
19fz1,1050860,790290,86791136,57102430,927969327
19fz2,1307295,1124166,104579916,86583120,1013959811
19gn1,2302745,2124402,187431376,172782562,1737165650
19gn2,2461968,2314210,194806814,180702499,1809730712
19gz1,2570333,2252755,209095636,178450555,1829280694
19gz2,2852635,2232070,235922577,170900104,2428831549
19hn1,593274,565661,44189555,41921718,369433009
19hz1,1872127,1582855,148795513,120515929,1243582704
19hz2,6884,6883,565473,564660,293369
20an1,2635222,2172970,218233250,170251763,1851523258
20an2,1111327,840571,89211188,60059662,1029324182
20az1,652286,575791,53482363,45787281,496187335
20bn1,73010,72464,5150524,5087497,148441677
20bn2,7612,7593,609135,606098,3229870
20bz1,6252,6242,518450,517921,4078443
20bz2,101133,100024,7292420,7084921,214427151
20dn2,98337,90780,7023947,6317023,134425580
20dz1,18738,18117,1380842,1261775,10959017
20dz2,1371080,1059026,111165094,77177469,1088424835
20en2,885094,796029,67906091,55416920,423292742
20ez2,28085,27813,2093876,2005457,13001040
20fn1,4053437,3808898,280059912,249972221,1497949898
20fn2,3983617,3751015,272081128,248191511,1462904318
20fz1,2239268,2137124,154946080,143695826,869837224
20fz2,3079377,2982922,208804653,197149857,1178110404
20gn1,896574,731379,75727549,59309683,996224005
20gn2,1918666,1732325,167687864,154694548,1580108399
20gz1,3134090,2216644,274227996,175769099,3223827072
20gz2,2092265,1875678,190111879,174009032,1929515610
20hn1,2157393,1904434,192896321,170476173,1820704441
20hn2,1730960,1652927,152685863,145706632,1427733264
20hz1,2031280,1870269,187466662,173613248,1722307729
20hz2,2592758,2123450,224841650,177031272,2107698545
21an1,4063012,3932926,271996306,256388223,1450914152
21an2,4123370,3922056,292103470,257705743,1787083338
21az1,3337706,3223119,227742926,210712160,1331058464
21az2,3930169,3816475,267185419,246616354,1507398215
21bn1,4090392,3922191,297612935,262702776,1899987493
21bn2,3254739,3123951,240991170,213241594,1737723898
21bz1,3040755,2996823,200901716,192565534,1165049880
21bz2,3490918,3362738,237781872,221819884,1376501273
21cn1,2011745,1711668,175611682,137615431,2088582231
21cn2,3902403,3578853,279684249,243898691,1582086691
21cz1,2104060,1991375,183852622,175585700,1704754943
21cz2,3722119,3435566,269274384,234740606,2470974308
21dn1,4223857,3846790,307248944,261549005,1778716039
21dn2,4199666,4125381,271274091,263070571,1489066590
21dz1,4262112,4156698,294457638,279929163,1637797285
21dz2,4085552,3953286,291008554,273402105,1722909880
21en1,2911617,2752275,217229271,184114220,1730734409
21en2,4314561,3976581,311679943,270959688,1835534083
21ez1,4102522,3858714,284441410,254284983,1673970035
21ez2,4358032,4233144,288385030,271470598,1636073014
21fn1,4323174,4125506,316612396,285850931,2033512244
21fn2,4199086,4017016,311515083,282456392,1965878629
21fz1,4343826,4051286,315953208,275953382,1914724382
21fz2,4222688,3990105,308709400,271978435,2060172622
21gn1,4148197,3967708,286509146,263606498,1841080132
21gn2,4300034,4218230,280614376,268968834,1562068495
21gz1,4185623,3359608,339680184,246403786,2745834018
21gz2,4286615,3979963,318103543,278928358,1871657355
21hn1,4332308,4195641,291969542,273152381,1530365530
21hn2,4163074,3952983,292699595,264291958,1749636717
21hz1,4282222,3991844,314216470,272887222,2051991948
21hz2,4232575,3968762,323288223,278185732,2564461162
22an1,4137974,3984516,304625890,278378159,1860720845
22an2,4121904,3953624,308111714,276669180,2112967695
22az1,4224274,4015402,312523755,279765495,2169065767
22az2,4185903,3900625,306428717,270183732,1902226118
22bn1,4045358,3867948,297842610,268918735,2088055464
22bn2,4053133,3854848,299964765,270491071,1991663145
22bz1,4150759,3922859,300142431,269810819,1790519151
22bz2,4133049,4000957,295766690,275741590,1628860537
22cn1,4150646,3970664,292217291,268275683,1752538579
22cn2,4135825,3878494,303747340,267116017,2086574915
22cz1,4241819,3894069,338517857,279897472,2989540271
22cz2,4304118,3770986,361175330,278275465,3169049654
22dn1,4194308,3870908,314410787,266325631,2123215203
22dn2,4096448,3734447,311257315,263728589,2015836769
22dz1,4224689,3904867,331874693,276627788,2338212955
22dz2,4117982,3954370,297640406,273771669,1691961042
22en1,4014973,3884930,287222572,267250613,1710102323
22en2,3914885,3581463,294339185,252506948,2103370294
22ez1,3976640,3822068,291529591,267991090,1725762460
22ez2,554818,515375,40340960,35793987,259408009
22fn1,3849557,3710546,280669583,257640231,1775204030
22fn2,3861967,3660409,286869907,257347095,1809423552
22fz2,152348,151992,10533111,10468472,47511450
22gn1,3649718,3502366,259948130,239437223,1427448871
22gn2,918167,891388,64815245,60430409,402078344
22gz1,3331963,3222602,247082467,225687818,1521963119
22gz2,5796,5785,508850,507798,109885
23an1,3950189,3837101,293063893,273408149,1787698730
23an2,1927928,1882021,147181277,138670788,922312187
23az1,308911,303309,21890178,21089966,106543416
23az2,376185,365114,27296630,25816560,134253234
24fn2,777877,754771,58734088,54992115,789465052
24fz2,1723785,1664775,145909249,135647121,2471140801
24hn1,330741,330657,26173714,25967525,323051805
24hn2,2887488,2761227,253225967,224704663,3964384212
24hz1,1942331,1827279,161994341,144074016,1869691345
24hz2,2516761,2160037,214451546,178449481,3356690887
25an1,2979989,2420692,253229262,181997104,5128770169
25an2,2640550,2281128,215250571,176753258,2189589767
25az1,3150906,2571937,277782226,201756357,5374460184
25az2,2425905,2096472,200850348,165158914,2131674114
25bn1,2506377,2238446,201199104,174211848,2049569962
25bn2,2717282,2055265,223073288,153697493,2755621667
25bz1,2476053,2011011,204289669,155206669,2445334081
25bz2,2648354,1800655,212520921,132946207,2416311873
25cn1,2909542,2315307,253435014,177949437,3086558839
25cn2,2455890,2252040,205192362,179099599,2230079482
25cz1,2613730,2205423,217701110,174423749,2230572049
25cz2,2585812,2195930,220101679,177548977,2435559791
25dn1,2748377,2381827,224414788,183494951,2600082854
25dn2,2789747,2005159,237777727,153315817,2944451484
25dz1,2593227,2112369,210930538,164836763,2551796599
25dz2,2779228,2144841,240460391,167409183,2965793801
25en1,2238999,1937468,184652928,155239910,2275824869
25en2,2496387,2271225,197884810,177478488,2071510320
25ez1,2699690,1948633,218748279,139538033,2324025368
25ez2,2324443,2093197,183826982,160697012,1859193060
25fn1,1278557,1147617,100301440,87111120,1138238490
25fn2,247980,229255,18736971,16947001,247392836
25fz1,663919,631554,52335170,49637009,500966388
25fz2,436099,375171,36449746,30968279,461480889
25gn1,2991524,1961972,252305583,145702077,2693119091
25gn2,2371406,1879745,192793097,137000875,2743058132
25gz1,2603146,2259811,205629307,171716828,2062556486
25gz2,2647526,2244457,238911436,175446402,2837627162
25hn1,962836,842261,78745384,67288507,1282161602
25hn2,1576679,1342136,129960881,103528551,1428043836
25hz1,2180923,1899575,178910403,150997084,2075055578
25hz2,2523881,1995952,215702621,158174017,2854792827
26an1,-1,-1,-1,-1,3792
26an2,199923,178807,16519105,13800416,249924333
26az1,1835255,1391297,157559143,107422294,2033064537
26az2,2902437,2147702,250764270,170116011,2554657974
26bn1,1128462,921318,106461166,84079168,1322034386
26bn2,2485887,1933662,221435424,164077592,2731228785
26bz1,2347829,2112999,206049124,182197066,1959709494
26bz2,2139956,2013817,188893398,178209228,1673235168
26cn1,2304030,1663064,196881386,125508359,2304252045
26cn2,2847104,2145312,250348768,178828356,3115191241
26cz1,2757608,2195002,243954897,158319887,3711680924
26cz2,2515596,2215218,193180650,153312619,1952654916
26dn1,2158480,1977972,193303246,178916347,1869787809
26dn2,2205894,1965631,198244849,178369427,1896264972
26dz1,1980729,1861379,157957241,145807510,1378773376
26dz2,2501363,2057904,221874216,180492352,2663379887
26en1,2384588,2105945,207792751,183082254,1991883699
26en2,2255992,1962049,201514532,177066979,1989203083
26ez1,2413265,2096185,208989186,181969727,2001152426
26ez2,2232449,2019356,195511618,179328453,1875492616
26fn1,2033141,1911671,182418543,172920997,1713941544
26fn2,2174851,1962416,192845068,174446193,1906910673
26fz1,1963828,1623407,170023453,136514192,2128681524
26fz2,2174437,1907561,170549503,140415028,2033335003
26gn1,2840695,2154547,252343204,182194279,3103039203
26gn2,1438706,1264709,116367606,93906151,1218199361
26gz1,3000531,2075140,273334969,174331027,4532613525
26gz2,3831388,3511670,292760576,243524977,2202014344
26hn1,3643950,3103997,296011830,225061892,2308735815
26hn2,4308815,4043367,360186493,295266197,3768621461
26hz1,4272823,3713713,388085956,279788555,4323216011
26hz2,4257965,3971216,372198451,295304692,4257625433
27an1,2380631,2114326,198787891,170618900,2141672788
27an2,4117537,3877189,288723926,257201016,2164641250
27az1,3814721,3524773,286500978,245035357,2501395300
27az2,4293292,4120742,355908722,304174128,4066669941
27bn1,4378444,4226098,322278889,290753886,2804494430
27bn2,4315054,4076089,363146074,306783516,3901659485
27bz1,4248313,4150153,372289813,324928173,3944952336
27bz2,4234229,3972484,368592305,301391306,3963166262
27cn1,4267850,3944614,384025550,304092225,5142410502
27cn2,4278197,4062241,393268788,312546921,5267364739
27cz1,4223834,3991652,366095146,302032358,5710722052
27cz2,4181012,4036034,392071914,320586550,6433343801
27dn1,4249721,3944952,365303177,291313675,4226834428
27dn2,4234481,3925694,326614105,276386796,2587334151
27dz1,4237582,3930312,359486761,289775251,4553578715
27dz2,4189325,3997039,304295229,276855488,1849913118
27en1,4050734,3683340,326412799,273673539,2859138500
27en2,4292531,4162974,303744002,283432440,1950591103
27ez1,4186972,4031717,307425749,280708756,1874295125
27ez2,4163880,3997828,299079471,275965155,1660667299
27fn1,4306901,4053158,317950756,278138618,2157455617
27fn2,4209790,3961872,313399518,271938392,2275746377
27fz1,4276372,4045230,315762565,278473259,2343726645
27fz2,4163138,3805416,306615751,264865431,1844008574
27gn1,3917903,3731566,287597906,262903731,1598240979
27gn2,4236610,4060848,307510353,279807760,1901511638
27gz1,4002307,3859074,288494208,268242362,1935361944
27gz2,4257005,3772093,338701651,271569484,2762324956
27hn1,4215869,4031609,304012711,277421006,1864182980
27hn2,4197321,3968145,308141774,271301473,2146791898
27hz1,4247992,3967155,316497839,276154282,2093523324
27hz2,4156114,3934380,310692762,272587087,2202075704
28an1,4223512,4031538,312921936,281913950,2063265105
28an2,4242323,4029427,319905830,285609589,2081176356
28az1,4194459,4032656,302122681,275737845,1860136637
28az2,4277825,3963710,344400129,286824956,2896400563
28bn1,4213248,3923898,311678444,272051638,1752221862
28bn2,4060710,3811249,298271235,267289516,1648272496
28bz1,4120876,3991953,298883668,275408471,1704433543
28bz2,4048336,3684277,305073299,260238996,1940787369
28cn1,4189350,4022793,335100568,290497241,2709924110
28cn2,4253343,3867165,359425461,292134000,2947608726
28cz1,4113066,3937261,307375555,274904057,2093357873
28cz2,4208649,3899633,347076719,286955940,2634238580
28dn1,4115304,3777106,311648522,266737323,2013390415
28dn2,4017417,3649208,307761743,262226345,1873897361
28dz1,4173913,3786742,336745648,276939789,2308931602
28dz2,4098377,3873448,307079798,273761355,1818207607
28en1,3978270,3855703,294884505,270209236,1840852476
28en2,3195971,3064768,236747119,214355319,1617726974
28ez1,4020968,3719586,294376101,257850043,1677562038
28ez2,4137144,3889884,316801915,277521002,2107862454
28fn1,2700506,2614458,213280041,190234397,1625277757
28fn2,1710412,1663992,145365728,127243454,1130931162
28fz1,4160639,3938747,323107119,281805343,2177978953
28fz2,4141456,3919817,329370413,289314038,2163988817
28gn1,4099338,3447618,325435170,249004522,2206338590
28gn2,4090415,3932137,307209709,277099653,2080430247
28gz1,4094433,3878048,324430641,278500985,2444029250
28gz2,4154811,3611085,343411726,264444487,2867683593
28hn1,4119904,3928310,311529218,274453974,2075436059
28hn2,4132439,3811462,320567727,272894886,1903722066
28hz1,4150069,3420808,339333702,250035079,2607565092
28hz2,4141538,3762220,341778250,276235798,2730566883
29an1,2142661,2058539,163384635,149007303,976805097
29an2,168869,160545,13519346,11540847,96327847
29az1,4087978,3806309,321898721,277758301,2341812471
29az2,2851861,2629347,220749238,189857352,1552167993
29cn1,4178055,3917858,350386751,302263318,2534817883
29cn2,3201533,3010612,256033611,220183089,2136555751
29cz1,4109764,3808955,346877970,289587379,2704093155
29cz2,1897693,1743334,150975466,128093877,1404856533
30dn2,744873,598100,59743866,41275448,1072234661
30dz1,1049736,949313,85104770,71088160,1583704519
30dz2,2969808,2125701,254212055,159273324,4239691086
30en2,1008811,881346,80312583,65006279,1030152585
30ez1,518761,515677,42881276,41201656,679278633
30ez2,2727597,2447006,228180155,190777872,3371506776
30fn1,2659540,2174172,222500813,171020132,2224655943
30fn2,2410410,2021088,198758236,157262823,3380310223
30fz1,2846813,1981936,244520148,152231290,3568728746
30fz2,2312635,1999828,187747685,154588996,2881866169
30gn1,2843663,2477734,251851147,199357339,4522340692
30gn2,2881038,2300297,248040903,182423340,3990437582
30gz1,3092546,2061627,263863329,155041643,3682486723
30gz2,2785305,2278683,236211852,176082218,2790939970
30hn1,2547633,2141229,210511062,166720853,2918212104
30hn2,2452165,2235433,202087916,180477176,2430083674
30hz1,2763975,2262093,238694954,178988882,3524394189
30hz2,2542876,2193413,214534055,176426710,2307362283
31an1,2448986,2258865,200813081,178690947,2241011709
31an2,2070753,1866488,168953101,147647705,1958267804
31az1,2268559,2004451,181183426,155606734,2432620766
31az2,2289843,2059353,187543721,164366354,2574951059
31bn1,2270797,1799580,185932091,137154375,2283345490
31bn2,2537145,2201775,209029166,173919298,2151950469
31bz1,2368587,2153106,212648028,172306581,2421871740
31bz2,2286396,2018394,201403275,158100442,2513753064
31cn1,2546365,2124832,212052706,169754233,2074384118
31cn2,2490466,2142122,206747577,169163327,2249176763
31cz1,2634373,2156412,219656966,172491360,2244416027
31cz2,2396397,2009194,195938078,158247297,2362328583
31dn1,2195468,2014086,181039514,162664731,1808886968
31dn2,2164230,2019132,178602887,166886566,1798601833
31dz1,2123935,1852446,174847263,146512990,1772777289
31dz2,2376474,2104411,198471840,175340118,2095887294
31en1,2156546,1896307,194379212,151513234,1902570616
31en2,2065473,1847058,177429420,144877949,1800934405
31ez1,2293624,2086150,203762856,170628812,2275846781
31ez2,2454881,2142461,216729146,170470185,2226727377
31fn1,1989827,1673669,164103977,131145521,2306999302
31fn2,2933703,2366853,255595799,178353522,4205866228
31fz1,1505521,1223378,121125631,94108916,1850784833
31fz2,2593216,2273457,232105870,181453686,2792218855
31gn1,2177168,1972240,182315432,163640691,2246385596
31gn2,2525901,2156744,226244693,173567667,2087811010
31gz1,2515162,2173855,208155026,172850439,2571900580
31gz2,2495534,2243658,209132339,183383167,2009344027
31hn1,2752789,2003322,246848766,153136990,2442544723
31hn2,2806327,2212675,255032532,176865478,2754877955
31hz1,2725153,2245150,230722784,178448553,2527882410
31hz2,2939008,2187507,249275150,168754033,3185674595
32an1,3538447,2966333,303948413,206423245,3932610158
32an2,4387360,4011411,323273229,275185967,2005621054
32az1,3659564,3006180,328986499,230520810,5536066377
32az2,4361611,3668214,371444197,273955621,3307213554
32bn1,4346798,4063583,295387395,266335660,1436896389
32bn2,3863644,3653897,267784943,242427712,1724805438
32bz1,4366696,3836411,333794882,271800440,2006716778
32bz2,4273867,3559634,342596229,261914693,2007371499
32cn1,3323675,2527355,300433053,194196640,4551286620
32cn2,3869321,3334133,343688376,244601995,4275568176
32cz1,2759076,2259397,235882259,181766356,2970765715
32cz2,3084694,2449864,282588783,191586048,5140593318
32dn1,4289962,3956128,377788897,300199191,3778333093
32dn2,4278135,3828080,336432014,277201055,2375910891
32dz1,3930004,3509452,354208248,256143813,6437257733
32dz2,4239748,3878368,331347265,277361851,2353796132
32en1,4264940,3866301,314415059,265461617,1912583204
32en2,4260765,3971615,326589559,277040736,2238868367
32ez1,4236791,3941178,320441267,278127720,1973831074
32ez2,4165418,3826955,317340421,268565899,2222451216
32fn1,4280911,3706518,385407299,272425070,4550781962
32fn2,4225380,3838859,371805357,290202124,3892890101
32fz1,4066178,3677745,319900890,263608070,2452869206
32fz2,4216780,3850278,365486838,286109715,3216594698
32gn1,4266048,4028476,317339401,283009685,1995192112
32gn2,4175065,3748688,316878923,262650359,2204436261
32gz1,4248562,3904167,322903859,278075673,2438589937
32gz2,4198142,3842437,310801590,267694947,1967750005
32hn1,4122408,3850312,313361528,271723332,2172866127
32hn2,4095492,3797464,318138311,273298014,2244373940
32hz1,4221994,3659082,349316967,268562001,2812509285
32hz2,4258886,3843307,376718060,292428150,3743076003
33an1,4187817,3926047,363130753,295356478,3685609684
33an2,4143321,3950870,387415149,316766533,4835640666
33az1,4205229,3928079,375146720,302987495,3438975049
33az2,4149947,3894430,383204451,311687923,4433412521
33bn1,4241121,3587151,374946143,273592923,3980846276
33bn2,4225472,3758205,323080299,265923008,2116858806
33bz1,4238989,3670413,378373763,285693760,3486637626
33bz2,4165023,3760202,323930237,270661273,2268370059
33cn1,4215937,3931566,361957043,294598773,3495500841
33cn2,4144364,3814264,378708560,299760466,3893258247
33cz1,4250141,4035153,373661609,300028672,3607324202
33cz2,4071237,3944085,343887963,301999339,2797172759
33dn1,4148565,3778313,392336979,302537565,4496478236
33dn2,4211841,3906049,376893343,298998046,3955742442
33dz1,4090083,3928525,364766590,309340822,3315922001
33dz2,4164779,3982225,388352808,319176511,4307932288
33en1,4238760,3919686,313997115,271729863,2060426955
33en2,3958254,3510196,304774645,256584490,2054604267
33ez1,4104438,3866539,308805265,270323502,2249132511
33ez2,3992281,3817559,301077896,275601554,1978188917
33fn1,4275736,3823659,337177657,273325601,2612350545
33fn2,4124216,3905086,309004410,273830295,2126992990
33fz1,4183972,3805924,332633258,273434225,3297377426
33fz2,4059616,3875227,311003195,275853287,2321714693
33gn1,4078731,3821438,309622691,266856769,2473365294
33gn2,4177692,3960352,313140297,279165150,2116784919
33gz1,4215871,3838933,368497087,290892028,3713253856
33gz2,4000820,3826725,298129467,271773699,1817357550
33hn1,4078489,3645466,317293582,263151643,2077099936
33hn2,4173917,3875030,336301872,276843028,2823630681
33hz1,4134959,4002608,296840639,276924463,1621550406
33hz2,4109955,3919163,303059968,271243832,1742854282
34an1,4054650,3884765,302072194,271727724,2000892016
34an2,3943374,3808976,290397110,267300745,1577754427
34az1,4072419,3808879,314062517,273101394,2152148906
34az2,4040445,3775619,313474989,272522570,2084549905
34bn1,4156803,3930890,328301466,285043406,2104794634
34bn2,4093295,3701295,319499372,264903241,2184204146
34bz1,4037625,3870664,304571990,273130579,2070807726
34bz2,4074710,3899000,308539894,276240945,2141894172
34cn1,4147179,3812114,331440142,271654269,2442957103
34cn2,4139153,3953098,320905417,282700457,2331962629
34cz1,4126801,3855575,325833271,273329242,2604430007
34cz2,3993821,3696028,311507477,265788153,2387417590
34dn1,4022166,3755743,306561300,266825076,1811032232
34dn2,4005231,3741045,306184019,269077369,1736808685
34dz1,3891637,3714406,290162882,266257336,1826211023
34dz2,4017378,3715955,304508495,267095381,1690214893
34en1,4085282,3857555,316922154,277058624,2198117989
34en2,4101350,3774348,332605893,275346223,3286258790
34ez1,4018080,3819828,304300488,272907830,1958609738
34ez2,4135083,3672352,326710660,266549642,2581793779
34fn1,4141262,3512646,337255581,258466476,2759932238
34fn2,4097531,3156432,348235753,237673308,2411042393
34fz1,4051877,3741776,323760376,270203158,2639917259
34fz2,2919969,2630640,238811669,193028962,1806404925
34gn1,4093475,3755668,323379854,272667653,2162530546
34gn2,3537542,3307880,282931251,239576458,2195964739
34gz1,3828050,3648688,290398197,264006337,1681593375
34gz2,906816,868724,68428335,62129870,431397680
34hn1,1621665,1544061,124741000,112355121,909075827
34hn2,460444,428958,38441076,32337474,379216951
35an1,3460589,3142522,284757893,235450054,2245767255
35an2,1425705,1297963,114226504,97950852,1034914315
35az1,617857,593746,50080012,44122690,359170421
36fn2,194065,181801,15177340,14103070,68387345
36fz2,1353344,1284879,99607233,93564470,429232606
36hn2,305719,305216,20141084,20077104,96929133
37an1,599714,523481,44645128,38480285,220610397
37an2,1079768,954818,87563359,68638639,1321975438
37az1,2929730,2474243,218727324,175382177,1298785568
37az2,2547926,2169836,201314819,160111546,1485921573
37bn1,2956286,2039243,262278395,153290921,2884835270
37bn2,2756137,1945221,243353919,148784552,2614200800
37bz1,2498895,2033001,206419222,154245294,1831707839
37bz2,2793441,2180598,233547018,165496719,2252538987
37cn1,3037462,2862750,236888328,204579801,2009427601
37cn2,4511726,4228006,315544641,270860372,1778450668
37cz1,2000773,1808966,154919361,131142426,1083652152
37cz2,2978160,2684789,219578789,182149543,1180985382
37dn1,3886007,3529935,291037959,245275667,1524858690
37dn2,3141596,2521548,252502721,186892941,1850432148
37dz1,4118532,3857132,289545294,260251520,1285308647
37dz2,4222241,3962137,302522431,271675248,1469114056
37en1,2863144,2191478,243140038,168740390,2571777712
37en2,2752084,2211453,233738824,171403742,2661945848
37ez1,2686114,2323292,220545646,181449695,2158133859
37ez2,2706539,2224641,223047278,172507400,2323723409
37fn1,2733149,2162610,232696736,165771498,2132075681
37fn2,2453433,1971246,207723886,152541006,2088287422
37fz1,2820895,2132622,240822148,160665131,2755347731
37fz2,2862531,2162308,245691443,165079578,2907812261
37gn1,3004428,2279245,244141403,167282050,1918931328
37gn2,3166194,2344045,251028926,168286640,1758661644
37gz1,4086006,3376959,320783733,241317121,1718275798
37gz2,3913706,3339615,303793689,232632100,1721738726
37hn1,3566157,2462062,289991637,176205520,2002169775
37hn2,3661183,2870550,294767357,207908460,1915504478
37hz1,4006050,3629941,299701276,254320041,1520750971
37hz2,4072844,3531113,313998246,253443537,1602591341
38an1,2717015,2279728,223172357,181322399,1951418131
38an2,2565944,2023663,212892116,158053880,2920904494
38az1,2564404,2100218,214717378,164921678,2068084002
38az2,2171790,1959889,181785934,166656511,2365739185
38bn1,2080160,1825863,172078694,148657086,1912427394
38bn2,2281082,2093085,191432271,172196820,1883773714
38bz1,2199519,1951181,185105399,164522010,1782209746
38bz2,2637651,2363087,229671855,194244330,1804753570
38cn1,3100623,2410700,262123695,188726707,2251856984
38cn2,3036638,2808991,277495207,248733634,2296433131
38cz1,4171042,3349044,336956115,246484755,1734457766
38cz2,3914529,3342406,358679694,289374480,2017511294
38dn1,3659738,3525662,340412157,320304619,1579670441
38dn2,4106854,3965869,387342574,367949698,1576492234
38dz1,4032714,3731595,378043891,337632828,1676157776
38dz2,3961907,3722650,367853234,334818596,1550248620
38en1,2297791,2167736,193724298,181832501,1740128227
38en2,2407743,2242240,203962544,185231596,1961625775
38ez1,3058967,2934621,274983705,254927541,1755909772
38ez2,3863907,3707451,356090111,327329465,1809576845
38fn1,2943878,2396862,262792666,189373365,2736193116
38fn2,2819140,2408862,246266605,194552750,2165179969
38fz1,4328958,4184411,399643225,372700062,1755563002
38fz2,4268321,4134548,394345772,364798303,1653196674
38gn1,4190909,4038325,391654173,372713172,1495266809
38gn2,4338361,4191658,401163449,379003842,1531358666
38gz1,3860258,3620666,359769196,323948456,1604465525
38gz2,3944266,3588389,366433206,309119812,1725488389
38hn1,4478463,4300889,414762563,384149704,1581272389
38hn2,4311109,4126616,405064913,368871743,2312683069
38hz1,4008283,3874391,372101454,343079667,1722882916
38hz2,4021851,3932048,375752581,359194128,1487907417
39an1,2488775,2241082,211772568,183236155,2152263014
39an2,2557319,2246269,221070329,185949103,2916102195
39az1,3654598,3356582,335914257,291556897,1787453573
39az2,3618791,3447705,328308602,295809938,1711678436
39bn1,2918503,2455952,253427558,199210734,3694720617
39bn2,3355725,3012106,292325662,229930340,4853057695
39bz1,3478771,3293828,320408486,287675459,1671906592
39bz2,3714114,3561388,343772578,312760462,1511638686
39cn1,4297202,4134440,404577964,369319814,2167748745
39cn2,4258411,3991847,397071836,352182438,1834967083
39cz1,4009358,3849354,372797691,348186212,1692087075
39cz2,3849602,3675652,356838660,326997568,1686808877
39dn1,4169255,4008804,387724511,356078362,1704830433
39dn2,3911505,3412210,359840605,289512461,1809618636
39dz1,3984312,3850452,368775551,342429004,1668503864
39dz2,3622902,3447920,334899485,306729964,1647645930
39en1,3841897,3553186,336832876,265225036,6197940848
39en2,4220818,3563613,331685067,255868084,2694032666
39ez1,3924184,3718020,364316419,324950701,1966702957
39ez2,3869333,3601600,339915895,290486922,3333494792
39fn1,4189097,3617700,321353692,256268547,2107644599
39fn2,4296181,3907022,383571828,303214996,4495822571
39fz1,3943333,3613050,324887310,282817134,2154802262
39fz2,4032156,3758594,364025245,323051074,2452106009
39gn1,3730676,3514513,344310114,311615419,2174421730
39gn2,3709587,3416316,342081356,299604974,1878370514
39gz1,3762808,3638884,344064745,326443296,1843154004
39gz2,3458473,3288633,313519827,289423306,1875036146
39hn1,3675896,3430809,338931087,301443073,1814083909
39hn2,3873330,3655830,356603195,321789442,1777130084
39hz1,3968386,3808154,365173761,339156254,1951351329
39hz2,4122179,3893003,381027800,345129612,2199947688
40an1,4249704,3941321,371277205,295565943,3553732115
40an2,4180810,3800694,379724400,299274309,4281359812
40az1,3984895,3788143,359619798,325900941,2354235422
40az2,3795902,3468513,347899205,297429542,2087118384
40bn1,4181739,3667139,377799155,291682848,4004184010
40bn2,4013464,3737073,348824326,299072242,3105004566
40bz1,3783729,3253571,337774824,268721844,2340934809
40bz2,3980115,3515955,304068951,252574827,1974014858
40cn1,3724641,3583429,342972552,319274004,1841832169
40cn2,3912289,3575662,360483205,310068828,1808254113
40cz1,4026866,3447596,372987960,291462995,2537817640
40cz2,3811528,3213361,354302807,258712112,2509974515
40dn1,3728613,3403754,343861208,295916484,1756155514
40dn2,3508540,3322809,307408661,278367238,1929599674
40dz1,3453587,3290777,319966922,280600650,2788731104
40dz2,2002797,1905959,181950888,166542774,969828085
40en1,3586309,3416494,283186096,253461173,2363985079
40en2,3855199,3616427,287255540,257775062,1688035716
40ez1,4005410,3686949,293843712,257516162,1835644230
40ez2,4086549,3785679,305931930,266952335,1745323047
40fn1,4067986,3896158,309583081,277454293,1967394906
40fn2,4123236,3955546,309633808,278587193,1711832949
40fz1,4084743,3809031,307500442,268959175,1682704487
40fz2,4060211,3546841,319549081,256104459,1822203813
40gn1,3640751,3420267,275160243,247214925,1677515347
40gn2,2260531,2157593,170181539,153178982,1104542884
40gz1,716639,633473,62482917,51458493,376716611
40gz2,857363,785380,65826046,57597256,354619957
40hn1,3972689,3583466,343654657,278638694,3070119833
40hn2,3802109,3609914,271510777,249045735,1353477427
40hz2,429192,413991,30096411,28118567,143367741
41an1,4044354,3732949,313554168,266820514,2025874326
41an2,3845899,3665078,283525444,261184046,1562345278
41az1,4074253,3789182,316840358,271382564,2294249151
41az2,3984445,3662050,309224895,266886435,1893518406
41bn1,3888098,3681086,289210267,263225335,1545891353
41bn2,4085594,3739159,317759036,271385513,1970677338
41bz1,3950816,3731562,298379945,266246754,1819314815
41bz2,4114103,3834160,321385439,279692208,2027195758
41cn1,3877753,3479990,294281691,245852711,1582999347
41cn2,3913616,3741584,288430262,263407984,1605612810
41cz1,1705695,1652913,122431197,114436264,569966721
41cz2,332351,304852,25058492,21932500,130139411
41dn1,3487889,3288590,264130273,235116905,1703454393
41dn2,2020751,1874636,158084897,136740536,1119349101
41dz1,150898,104192,12496599,7683896,73842634
41en1,4129157,3882761,324140235,281952358,2278136340
41en2,3884539,3610578,310470572,267012067,2269067037
41ez1,4107123,3905774,322425473,285551650,2286461253
41ez2,4062092,3680982,335917304,277531779,2585064039
41fn1,1766499,1664679,142772216,123565454,1108815738
41fz1,1703935,1603697,137269466,119850789,918298828
41gn1,675407,644882,53529709,48024659,384425757
41gn2,933111,869556,76217107,64070056,552154615
41hn1,11499,10751,941960,858183,2878037
43an1,3900613,3687178,270253868,240108351,1653337601
43an2,3438180,3306491,232069009,216164841,1105534301
43az1,2004557,1961816,130558235,123788549,693414605
43az2,3683719,3550978,240529693,222032005,1181067145
43bn1,1765695,1596627,129446501,109482758,734619951
43bn2,3192738,3104724,218139088,203696977,1022232135
43bz1,4480670,4337586,287896732,267801224,1417982160
43bz2,3274773,3132277,218778001,198102863,1105422045
43cn1,1977625,1789520,163355260,143871931,1898538368
43cn2,1109755,1029971,85738430,76663060,1990287316
43cz1,1646870,1595648,135386865,129780780,1618624675
43cz2,1779512,1684644,147561094,138295057,1797754162
43dn1,1711132,1592908,124633255,107274086,1091421522
43dn2,3083596,3031872,199972734,190132144,1226809235
43dz1,3067017,2925411,230144235,211181041,2121430652
43dz2,4061938,3946537,276110163,257019300,1385528429
43en1,4460433,4332093,291436904,271587094,1335600010
43en2,4531833,4408099,289224878,273537391,1282647717
43ez1,1990293,1862315,143039705,124677285,927492748
43ez2,2686986,2520462,186331917,165074962,957904176
43fn1,4240588,4072519,286363869,265818347,1295776050
43fn2,4130931,3902337,292197666,266777781,1304374801
43fz1,3400263,3285329,222241635,207118157,1079548667
43fz2,3695302,3530695,256434537,234149621,1270250908
43gn1,2811705,2714976,185551643,171751845,970422469
43gn2,3657076,3485178,249892535,226514910,1237106089
43gz1,4373738,4172689,292773220,268156227,1464380732
43gz2,4355303,4226037,283486634,267546329,1387180985
43hn1,3494457,3419375,227403022,214965592,1101779643
43hn2,3696156,3346033,270637641,228735738,1906729719
43hz1,4429032,4215316,304291372,276001087,1481756251
43hz2,4463793,4250546,302299136,276182489,1407843155
44an1,3907433,3276018,296527893,231347153,1629970097
44an2,4390248,3777291,330827828,258585604,1937328964
44az1,2946575,2816027,207846404,189300283,1659971187
44az2,2583984,2354048,196298270,163484121,1342583752
44bn1,3230532,3062668,279347112,245342927,1742611487
44bn2,3745491,3633723,340642185,318792215,1444064563
44bz1,2790921,2664872,226550756,193976572,1803289763
44bz2,3235673,2915475,291147879,235337016,2224007789
44cn1,4390060,4028746,304039676,263319697,1713349608
44cn2,4473237,4381658,287967762,275063459,1269199984
44cz1,4436254,4235262,303866396,276716055,1407274584
44cz2,4369295,3980278,323136919,273428697,1629566899
44dn1,4423660,4097426,311593010,271435793,1530581332
44dn2,4224380,3554135,324268163,249004020,1810236780
44dz1,4256847,3511105,327522574,246441573,1734758743
44dz2,4293475,3553325,352812996,256854744,2484529010
44en1,4472463,4319940,413540761,385658389,1743854260
44en2,4396834,4269632,405747608,382911322,1738023746
44ez1,4166349,4023452,352433329,331909012,1487279174
44ez2,4260337,4186032,364142546,350346921,1368426792
44fn1,4104968,3889442,381434511,348866643,1907705537
44fn2,4013251,3691024,372175648,326076136,2007276272
44fz1,4024291,3847005,356528175,336060141,1447965617
44fz2,3063406,2778763,266061538,235848707,1925949210
44gn1,4439317,4214927,305556368,276004391,1591393590
44gn2,4364273,4058048,312700380,272239252,1599003765
44gz1,4229057,3636997,328034067,253393030,2057964999
44gz2,4143465,3652238,304149062,250304332,1632141371
44hn1,4296133,3455946,341942116,249547240,1944247532
44hn2,3117742,2529855,271702985,199052168,3624461543
44hz1,3822535,3266614,318345766,240620422,2835955784
44hz2,2935060,2439656,249903348,193409893,3338942718
45an1,4047685,3745957,374943441,331553871,1986221182
45an2,4181991,3928240,385420057,346447583,1673393669
45az1,2933793,2656733,249646635,218687880,1945793355
45az2,3147439,2637212,273420997,213822950,2163276086
45bn1,3173651,2948906,285469616,251407955,1682571325
45bn2,2307565,2145481,188096618,172099535,1713303675
45bz1,2841493,2326094,238682834,180462388,2274867867
45bz2,2758270,2288702,230859620,183209824,2567200870
45cn1,2827934,2326190,240922031,183651701,2824327844
45cn2,2955966,2246042,254221869,173190206,3102122353
45cz1,2850670,2365514,237271296,184523328,3108021119
45cz2,2954700,2385668,244918034,185022848,3344262394
45dn1,2860908,2327901,235949057,179539272,2492925909
45dn2,2756924,2269390,230962810,184054992,2553448783
45dz1,2968981,2347436,256563252,191879624,3228924940
45dz2,2766279,2225734,238257712,185011175,2665239698
45en1,2586992,2175247,212223701,170027072,1968788394
45en2,2671676,2156377,220026337,171143066,2166531159
45ez1,2789729,2238502,233131635,175862558,2920681604
45ez2,3075225,2545352,266885558,199620328,3002627865
45fn1,2753565,2479105,233750299,205639454,2000868969
45fn2,3418623,3144626,306935707,265342757,1874491933
45fz1,2790661,2316842,241456262,187630606,2567023462
45fz2,2846087,2417557,240767858,189636120,2639609949
45gn1,2604167,2173752,221791130,181179370,2288938297
45gn2,2791964,2438183,232312009,192187880,2457734118
45gz1,2767890,2228773,233207417,183440545,2371765857
45gz2,2700470,2186329,229886522,177985835,2355867530
45hn1,2988581,2323092,257082585,179719205,2725594784
45hn2,2588241,2248718,214083835,179733417,1905769539
45hz1,2721999,2376790,218187106,180138488,2109323221
45hz2,2614824,2252308,218471519,178455701,2148689722
46an1,4090137,3887708,383609956,341097533,2674062282
46an2,4105994,3834334,389616619,316582074,3562197578
46az1,2565055,2265388,214207941,183049454,1921943279
46az2,2721637,2304462,231013255,183877792,1937280457
46bn1,4149266,3956270,387286801,331336057,3630174999
46bn2,688897,671340,61037684,56619812,298870081
46bz1,3452244,3298083,315591680,287556812,2950391210
46bz2,2155243,2073003,201766981,189338580,1271196200
46cn1,2817030,2402073,237005200,185979961,2091983757
46cn2,2498102,2177430,209121151,179862324,2117892536
46cz1,2607715,2203684,222528612,181338940,3071090494
46cz2,2755119,2382651,230230234,189054217,2924745388
46dn1,2739495,2368346,229443444,188598699,2560475652
46dn2,3848855,3651453,368038179,329632600,3801087527
46dz1,2657816,2248521,223166094,180820207,2322538460
46dz2,3036308,2839310,258298721,231142839,2376372212
46ez1,34785,31882,3173719,2840109,14417463
46gn1,1530814,1461098,145024815,133278022,1172565656
46gn2,75347,72247,6749086,6278519,47299891
46gz1,3648459,3508008,347448860,315991237,3314281117
46gz2,136393,128654,13069929,10924779,167745814
49an1,1749875,1654740,140755902,130841581,1757079454
49an2,2402844,2305937,198326786,187179999,2063048766
49az1,1069776,977548,86992130,75409597,1170919913
49az2,116143,114459,8770470,8495420,174266287
49bn1,2690919,2506143,216631570,196031734,2058192622
49bn2,4371096,4132456,316868088,281250753,1583658556
49bz1,1108427,1058663,84324989,77641401,1011608002
49bz2,3577894,2892528,284717909,210472095,1714399415
49cn1,2112073,1966335,175533428,156677540,1944406555
49cn2,1145783,1059588,95016975,83450800,987332054
49cz1,955109,932108,74914698,71542400,1070612381
49cz2,1217664,1196421,96148112,93372034,1074689026
49dn1,1431052,1290482,117139449,101631706,1615048705
49dn2,2923700,2826132,218415615,201470203,1438106861
49dz1,1447455,1410806,116666219,111403729,1231460440
49dz2,2467895,2429571,172786855,167870505,1116772634
49en1,4490529,4278160,320651825,288018869,1701253494
49en2,4400062,4205665,306794030,281301816,1391098449
49ez1,4297214,3906225,343504629,283391518,2478131314
49ez2,4232549,3929320,318611662,280886932,2258457898
49fn1,4319198,3689508,325562127,260531119,1730078875
49fn2,4297232,3759229,331900782,265554957,1803735589
49fz1,3957239,3622279,299828108,254134192,2499292393
49fz2,4003653,3640308,323388356,261937621,2385742750
49gn1,4231527,3564478,356708526,268863108,2729353171
49gn2,1337824,1245681,103456510,90466447,760461877
49gz1,3774419,3094534,317617476,237841415,2400741646
49gz2,1820544,1443012,160868585,112740669,1218926203
49hn1,45949,41653,3565127,3051256,17670503
49hn2,2739743,2596543,206796947,182537383,1297563475
50an1,4295630,3649347,332720490,261307472,1687149798
50an2,4318217,3935289,335330586,279654397,2018827810
50az1,4156452,3840311,322822106,273817809,2146405858
50az2,4105884,3815988,307454877,268805200,1717436030
50bn1,4300811,3453747,356791415,255648930,2369457853
50bn2,4267535,3894602,333238430,277101369,2111597569
50bz1,2413810,2205154,185577328,157603472,1153516794
50bz2,3851954,3625926,296069458,257592426,1872919888
50cn1,3517385,3247567,266375002,230702478,1376785133
50cn2,962553,855483,75421688,60523213,507631098
50dn1,493523,475856,37362654,33616206,210241372
50dn2,3088402,2926316,234665776,209561639,1316568471
50dz1,318642,304948,24462514,21571738,138700347
50dz2,420330,406444,32293445,29159129,191280821
50en1,4159951,3760990,322041682,263684205,1979611941
50en2,4130710,3608601,326722465,257508668,2099298571
50ez1,4153846,3669417,346439106,270136053,2703976800
50ez2,4029779,3719551,314786712,268095378,2059998810
50fn1,3437322,2371365,292091656,171288261,2857939731
50fn2,2962819,2333465,252647175,180865760,3012634562
50fz1,3088208,2488069,260173722,185618721,3204944215
50fz2,2767854,2328386,232776125,181532178,2668273119
50gn1,4055727,3630374,315381541,261728749,1918931538
50gn2,1948255,1824345,145049102,131376164,1012766635
50gz1,964261,892194,74241445,63320938,480905460
50gz2,10823,10757,808915,795768,2120469
50hn1,543341,385241,48489415,29177228,736593116
50hn2,3066225,2419615,268833317,189556452,3266290816
50hz1,638543,472557,56454125,37387549,851546561
50hz2,2941814,2477932,243878571,191279555,2812427714
51an1,3001798,2361531,262895942,182861491,3611087027
51an2,2824436,2344345,243453768,195600459,2692896305
51az1,2593718,2320376,211941184,184321073,2021529760
51az2,2809161,2300833,243433940,191502954,2761861094
51bn1,2925183,2309776,256707334,195255899,2803310101
51bn2,2777390,2296440,236898036,190677487,2405975767
51bz1,2880617,2338036,253984789,195549574,2744563391
51bz2,2941683,2281653,258173759,180909641,2315965114
51cn1,2761715,2307402,233631121,186342748,2380437254
51cn2,2985368,2410898,261203437,194999288,2986167069
51cz1,2899819,2476621,232333406,187317619,2416436236
51cz2,2916715,2427624,238382386,186762402,2341180733
51dn1,2838344,2372705,244797891,193419513,2398647324
51dn2,3080283,2224158,267898558,175056418,2567646497
51dz1,3031876,2471766,259887430,191444859,2744231623
51dz2,3034690,2399411,258161777,183074320,3711504272
51en1,2741171,2315380,230995050,186430684,2088583217
51en2,2567209,2202634,217019584,182193684,1965547314
51ez1,2986973,2369882,257156466,184545113,2337653778
51ez2,2954306,2415416,257829517,194386719,2892843656
51fn1,2628942,2229737,219590679,181552487,2133354072
51fn2,2811188,2352904,233892705,179399140,2909690260
51fz1,2911362,2305153,249892775,181269676,3149564333
51fz2,2930427,2422705,250832487,186493633,2792633118
51gn1,3093269,2198988,267467808,164528173,2868400126
51gn2,3073204,2427773,268980616,188570952,3592473571
51gz1,3148311,2469420,283544200,197360063,4329669314
51gz2,3092881,2497175,266738279,194314345,2897977346
51hn1,2985445,2366158,254421943,182565856,2395807094
51hn2,2976232,2370807,251772041,181579961,2323083668
51hz1,2844738,2379334,248700614,197720939,2567566826
51hz2,2861841,2381698,235396854,182120634,2332554132
52an1,2939553,2291189,256477916,185351704,2927644021
52an2,3192872,2877005,278406785,240012726,2584754754
52az1,2884337,2354011,247849523,183942391,2397939262
52az2,3452471,3140655,303864245,266242009,2734395871
52bn1,3450445,3074075,307205670,255800688,2965804572
52bn2,3655156,3260903,332394738,274205791,3114277530
52bz1,4068696,3807782,377094959,341615265,2760991946
52bz2,4094295,3723574,382389578,325870849,2794482479
52cn1,3037546,2454291,254632970,187334789,2386589177
52cn2,2940129,2612003,246196078,213077952,2132371745
52cz1,2895573,2402354,241027767,186057880,2708644459
52cz2,2764462,2387443,228249678,190590923,2935507155
52dn1,3910226,3674498,364794026,332746554,3207199706
52dn2,4064405,3791305,380389258,339072588,3288879951
52dz1,3568432,3273573,320330712,283915116,3113133912
52dz2,4076075,3812651,380251493,335838323,3368262952
52en1,3635969,3470663,343632053,311769952,3134339105
52en2,2839652,2744908,269953416,244109935,2692800674
52ez1,3976393,3764893,373634336,337123792,3055532042
52ez2,3956569,3800402,376326574,342099587,3601165844
52fn1,61244,59642,5626213,5267790,54846120
52fz1,1798136,1688203,170959163,148149335,2075387622
52gn1,4051043,3676095,380759578,324017458,2820921429
52gn2,3951427,3688445,374388402,328808886,3323677350
52gz1,4039871,3586008,377512080,319558541,2895640414
52gz2,4035268,3472095,381088756,301912985,2994754640
52hn1,2242420,2123539,213614530,186283179,2515128471
52hz1,2267360,2027661,213920679,176155989,2099939847
55an1,2378483,2296006,196634890,187850713,1821626350
55an2,2386525,2332075,197738271,189727693,2211130140
55az1,2480896,2066553,210977955,163240810,2144305918
55az2,987726,938012,82600415,76951577,726728164
55bn1,1387223,1342291,118897568,113817292,1170285502
55bz1,27674,26081,2236803,1931043,15826981
55cn1,46104,39794,3653384,2771349,47174339
55en1,123142,75766,11122677,6536451,99981927
55en2,99157,62541,8516201,5041384,57859591
56fn2,1592415,1369335,126088900,102319918,1111443337
57an1,2643392,2154331,223758207,168683463,2319172831
57an2,3009161,2476520,259635589,195978006,2561849238
57az1,359247,307201,30630064,23253206,435978189
57az2,2370684,1991905,206317894,159313888,3379308922
57bn1,2981260,2450107,249788833,188184600,3131838600
57bn2,3046003,2447153,261609271,189580369,3216142954
57bz1,1879074,1660358,151161247,127496177,2043644621
57bz2,1910808,1579471,162089172,124626376,2285026854
57en1,3144714,2394441,276819937,188001113,3703811419
57en2,2925424,2415269,245597027,190134450,3225543615
57ez1,813813,679633,67627005,54189833,889392101
57ez2,2485482,2021517,207239268,158177615,2283730870
57fn1,3004848,2402048,256931223,188338721,3614270796
57fn2,2973984,2607977,256964993,220340593,2831825055
57fz1,3590780,3207532,327144018,270806968,4365718226
57fz2,3996002,3539530,372426762,313908936,3105572590
57gn2,1132323,951250,97614119,77941030,1265578555
57hn1,3305210,3059530,306778257,269011106,3728913605
57hn2,4065533,3692476,378528389,324751329,4183944234
57hz1,199144,187414,18608343,16406720,230599771
57hz2,806184,739758,74495997,65077767,734359820
58an1,3320108,3041417,294477313,262682217,2552214415
58an2,3727658,3476749,340994979,305083069,3024167904
58az1,3914023,3610207,361381032,320031671,2951096081
58az2,4073486,3830456,379682258,347727781,3548938272
58bn1,3982174,3715966,368346470,328488324,3242069808
58bn2,4084198,3718574,382207637,321277627,3368906447
58bz1,4117038,3801052,389709891,339916812,4411761889
58bz2,3944211,3703396,370751396,332909792,3299932191
58cn1,4090504,3865185,380858623,347495890,4681078937
58cn2,4095559,3871247,380191502,347136430,3015198603
58cz1,1924414,1822573,177237717,161519345,1470198306
58cz2,2782790,2527296,258959045,224665531,2645560086
58dn1,4117958,3831737,391383177,339875401,5256501053
58dn2,3543446,3274389,330275666,292477236,2608663200
58dz1,3161883,2897283,295889123,258454453,2453877349
58dz2,4062171,3666833,380985482,323785900,3323795132
58en1,4157235,3847906,393641439,338345383,3632174270
58en2,3593014,3224492,338474656,277682378,2889652335
58ez1,3882353,3581543,365477774,321538868,3165070889
58ez2,1173756,1127347,109112607,100170434,840908340
58fn1,819027,748401,77446922,63535308,896012169
58gn1,2555185,2351955,240585938,208974669,2366674637
58gn2,11468,11275,929523,893401,4918470
58gz1,3544396,3297086,332135496,290792650,3548966661
58gz2,2453620,2361840,234725062,204763989,3387830841
58hz1,29764,27716,2592060,2298293,31457880
64dn2,1343893,1288335,113591419,100639974,1698712334
64dz2,862128,828788,71403977,62255383,1184203696
64en2,133224,116696,11134909,9800717,62351449
64ez1,-1,-1,-1,-1,6770381
64ez2,563057,502418,44839564,38649272,228724361
64fn1,1926969,1769537,147464211,127618570,895827360
64fn2,3190542,2959397,229757055,205497889,1305860707
64fz1,1509162,1222724,118338971,93621064,851142391
64fz2,695409,624294,50274341,41193094,584299690
64gn1,2495909,2270503,211667438,178817341,3370860821
64gn2,2144328,2010812,174441424,160204664,2205525136
64gz1,572651,556052,46471339,43443317,771005895
64gz2,319235,312706,24472525,23743853,461280229
64hn1,2035009,1931806,168786196,157453962,1871989305
64hn2,1719055,1558407,140690673,124159978,1464351442
64hz1,2124029,1945570,178263577,158428512,2007688339
64hz2,2341435,2206170,196303193,181471831,1927128579
65an2,706133,651401,59761652,51067409,1367966131
65az1,1885124,1789529,157647788,141912923,1938438069
65az2,2464604,2267609,207916151,188780728,2083443902
65bn1,780356,725960,63715756,55723266,1210168990
65bn2,1212680,1140707,98850954,90291106,1562138219
65bz1,2300267,2092775,192947239,172372712,2129596467
65bz2,1847776,1639989,151777466,131414134,1745328000
65cn1,962218,901184,78638011,69830913,1130292396
65cn2,2521478,2304174,211485426,187811955,2268834863
65cz1,47890,47811,3604546,3542594,60591919
65cz2,729251,582123,59502353,42188159,940629448
65dn1,2714379,2292980,231315351,187772646,2461890665
65dn2,2412851,2169021,199844386,176751277,1909176067
65dz1,925742,837444,76532936,66661291,1044955411
65dz2,1222904,1004842,95516414,74471340,1461318311
65en1,925452,880638,75815535,71513700,966935239
65en2,1002307,957418,86254621,81054416,1100436061
65ez1,2068748,1960137,173893885,161874219,1737670991
65ez2,2107554,1994697,174649102,162613011,1969538828
65fn1,307831,294970,22840731,21889155,423878136
65fn2,1159823,1081386,94423917,85506901,1306903873
65fz1,1151646,1104946,90634499,84644865,1285740098
65fz2,288152,283808,22492062,22045604,372813146
65gn1,2307461,2174318,195106914,183564152,1869341478
65gn2,2512172,2314996,211601878,188125953,2110840264
65gz1,2401778,2226846,202988913,182722638,2109016461
65gz2,2469073,2308910,210280683,189946957,2220899147
65hn1,2614082,2250209,222791665,179520323,2111385024
65hn2,2451180,2236577,209976867,183981970,2422886978
65hz1,1924363,1777323,162670650,142515512,1900469286
65hz2,867136,806540,70414906,62948271,1040007698
66fn1,145737,143329,10568106,10056376,167823784
66fn2,1819790,1732533,148448528,137804002,1594623848
66fz1,286327,269126,22151331,20544165,201080384
66fz2,2390416,2233738,194176555,183343157,1895518991
66hn1,34854,34876,2395703,2385106,11674958
66hn2,1516709,1415862,126092571,115161813,1085397389
67an1,2251061,2144291,182278904,172631937,1839444947
67an2,2198872,2092791,184813279,166875029,1888941969
67az1,2364588,2218503,197769982,181580611,2171520623
67az2,2191198,2096767,186853582,182669999,1758587629
67bn1,1245745,1196122,102594986,98439328,1112628483
67bn2,557128,544031,44389146,42851343,591219106
67bz1,2152107,2044463,185126736,173751465,1744507625
67bz2,2332586,2191370,196234789,182546244,2035567742
67cn1,1933056,1823605,162630810,152370350,1568960390
67cn2,187743,182174,14329508,13799604,111868684
67dn1,131854,126205,10625255,10383760,83632949
67dn2,828406,791789,68904429,65480850,590012069
67en1,240835,237336,18811880,18170049,237729057
67en2,947081,899551,79140757,73148940,960660940
67ez1,2284744,2106378,185841791,167625384,2254460982
67ez2,1971848,1660269,161746190,127582465,2057856867
67fn1,631558,607259,49362185,46494343,669555153
67fn2,2034078,1955724,163034593,153534578,1848648864
67fz1,2336867,2244230,192847518,184736177,1923853303
67fz2,2405357,2303790,201113715,188645588,2026201102
67gn1,1685293,1579718,140409830,130076764,1281324328
67gn2,2429892,2223902,203702268,181136520,1919659969
67gz1,452962,383753,35907548,27570549,444356899
67gz2,1180138,1103495,101101015,92985991,942149986
67hn1,2496940,2272867,210312704,184383899,2208012328
67hn2,2365872,2213616,199897113,183229792,1793673725
67hz1,1457299,1328629,121182825,106457989,1271496483
67hz2,517098,444097,42156777,33493207,438989701
68bn1,255216,234364,23141867,20897042,163316271
68bn2,3230187,2964715,300882997,263788350,2539692689
68bz1,1782963,1610635,163824536,140950449,1202529497
68bz2,3721867,3317805,346511923,293585687,3043225634
68cn2,74050,69860,6587682,6079194,33141297
68cz2,435170,411799,39665271,36382881,267199582
68dn1,2970713,2774815,273698571,242096696,2226079218
68dn2,3994482,3486858,372515341,296098321,3690986289
68dz1,3795287,3448374,348977574,293116122,2585228722
68dz2,4072981,3842662,375019995,331720198,2732110407
68en1,4121805,3884138,385062302,348876766,3804585000
68en2,3833969,3644578,359796629,323236311,4277538417
68ez1,2252530,2157309,206342962,189461357,2083009123
68ez2,762588,746116,68835275,65048185,512771912
68fn1,1625058,1535100,149882145,136426907,1197322572
68fn2,8909,8789,776202,747643,3207998
68gn1,1336453,1276079,122317466,110835419,1229693681
68gn2,896917,862161,83977860,76237962,1632695392
68gz1,4046718,3759308,373395819,321666344,3388280326
68gz2,3641378,3350911,341013299,285337071,4594000726
68hz1,800746,725703,71761599,60150763,558655006
69an1,513721,472436,46353959,39903550,272882943
69an2,2975123,2618504,275627099,226015707,2151557260
69az1,1031782,925530,95323879,77530538,743338405
69az2,3542691,3026513,329738003,255009411,2476281541
69bn1,4094221,3944570,374285740,341471325,3138032019
69bn2,4087496,3905347,370426066,335703587,3160956948
69bz1,4104706,4028097,368814591,348566173,3341258654
69bz2,4024849,3928979,362080788,341216721,5300911087
69cn2,2071607,1968917,189132017,171013356,1549111628
69dn1,2212960,2179482,198324732,188730707,2679682613
69dn2,2886282,2851390,260040674,248262214,2618939804
69en1,4057205,3862154,368581782,334174593,3555178404
69en2,4049794,3545088,371302238,290145788,3841703487
69ez1,4126388,4035837,369528360,350814663,3581078632
69ez2,3512175,3309058,315985541,282776983,2692723905
69fn1,3130356,2783106,284650625,228623534,3096967708
69fz1,298965,259839,26914140,20837964,283128419
69gn1,3323502,3270940,301852359,282759427,3305781449
69gn2,2446726,2365187,225056082,202780269,2867536535
69hn1,13888,13112,1212178,1058550,8172830
70fz2,127698,116747,9812166,8249772,167567000
70hn2,-1,-1,614318,-1,31284
72hz2,7810,7810,590622,590622,1180426
